{"search":"","showTags":false,"showAttachments":false,"hideUnresolved":false,"showOrphans":true,"showArrow":false,"nodeSizeMultiplier":1.05117647058824,"lineSizeMultiplier":2.15213675213675,"centerStrength":0.444444444444444,"repelStrength":8.54700854700855,"linkStrength":0.213675213675214,"linkDistance":179,"scale":1.0000000000000013}